{"iKE9M39IZpwQZD5E+vKxhw==":"636be185cdfcfcdab0ce9cdd-1160x1210.png","0v/QlwGnWSkl98wn7E577A==":"636be185cdfcfcdab0ce9cdd-1245x1299.png","/TlrvG/XoVIKtu9llwlwKA==":"1ce40925-de31-4e62-a2b5-d7a5537c9a1d-445x62.png","MLE4bHqU/tDODMh8cLsLaw==":"prostadine-18.webp","cHog9vMjkTG0azc1MtUEZA==":"prostadine-20.webp","McmzoL1auiHaDObmTnU+xA==":"prostadine-17.webp","2nqwro9rVR7alQNNzFoycg==":"prostadine-19.webp","Vb7GgbMoe0curpGYBParsg==":"background3.jpg","n1dx+NZv3qks526xC0hZ5Q==":"background13.jpg","w4ALoQefCkbm83VxLQTsbg==":"prostadine-33.webp","KRs+Pw+hd+xA+RHInuo4fg==":"prostadine-34.webp","67wSfQGqG09KUF+ZiVuhGg==":"prostadine-35.webp","jApl61D7W9cYVXUY2k3i/Q==":"prostadine-15.webp","W+3uNqUPIjY794XoaOqyQQ==":"prostadine-22.webp","A2jRhCjZvMe3eC70MYTWnw==":"prostadine-23.webp","weMv5NIoj0cWm07L5HvHvw==":"prostadine-9.webp","GvuYALWhxiku16JhgJn8Tw==":"prostadine-10.webp","uUjqyUq7aPtrjCyxvA2htA==":"prostadine-11.webp","WBBLhUBCfQFUFgOP9AzmxA==":"prostadine-29.webp","ZB+cJhDOCiMtKpe9ZDcOZg==":"prostadine-14.webp","SgpoWfNyn43hO0HIoG757g==":"prostadine-27.webp","oRykAiO0rUD++7AmPeEwUg==":"background1.jpg","M6iuVJKpHts+VOj883nWLA==":"prostadine-21.webp","T7ijNPBltm3+zt7XgXi88Q==":"prostadine-6.webp","5xMWkZvPoUNHyQQmMPpwEQ==":"prostadine-2.webp","96zAgrlU5viqkIM2vq+pCQ==":"prostadine-26.webp","GfJRaCJENzMjXAWcN9NK7Q==":"prostadine-7.webp","LMUWnBBSM1I0iWPUvejs/A==":"prostadine-28.webp","7WbZwcTNezNpEzwRiQkaRQ==":"636be185cdfcfcdab0ce9cdd-752x785.png","ffStfz6YOG2fVLElsMoAJw==":"a4545024-9376-4c03-aa7c-84a717b578bf.webp","CVnzOZI2LwQm8bVfXw/9Aw==":"prostadine-36.webp","IcMZenKg59M3xRVIH3X8SA==":"636bead8f68db48bffbe6ff9-843x789.png","911X7bM4yT2Mobv6BsMc+g==":"background8.jpg","oy2GHImysC4jU1yHl1Fyow==":"61errllhdrl._ac_ul900_sr615,900_-615x900.jpg","3skGwPScirzafxW7bDq12w==":"61errllhdrl._ac_ul900_sr615,900_-615x900.jpeg","LWeDuqdOi4mXb/D1H1Bzqw==":"s-l500-500x446.jpg","A7ShoQK6wWWVHlqYREDdkg==":"s-l500-1-500x446.jpg","ZBa+ocqq9te3f+xpEULKMg==":"3-320x650.png","oHRpkW4jT+cLgfZhqPxdWw==":"3-1-320x650.png","p/a0I+bUqJRIH/yaC/14rg==":"3-2-320x650.png","D2Fmz4QBsRJo1hDAdl1A+A==":"3-3-320x650.png","FHP6+t37YsR9iIn2AytYTg==":"copy%20of%20amilcear%20(1)-320x650.png","BgmolfPNg9qZu4KRvJuINQ==":"copy%20of%20amilcear%20(2)%20(1).webp","1hE5em6qpgAa7AgdkcvgSA==":"copy%20of%20amilcear%20(3).webp","dGKCPUvMQdbJ6ZHDSOK2Cg==":"copy%20of%20amilcear%20(4)-320x650.png","VECwQNqAqGxCY24mCb0APw==":"copy%20of%20amilcear%20(5)-320x650.png","YUIkr8Ai28gO/PXEH2li1w==":"image%20(6).webp","mW+vNIS4XiFTGFgvnduW7A==":"image%20(7).webp","EcuVxKhD5Iefiz4nq1Mx8A==":"image%20(8).webp","WK3F57V8wxvZcoGbdVRkDg==":"61errllhdrl._ac_ul900_sr615_900_-removebg-preview%20(2)-413x604.png","aSM3dJR+7RK3wxidkGjYvQ==":"supreme-keto.webp","DzyX2EGPUBY4ScOS7QJFKA==":"s-l500-removebg-preview-500x446.png","nuaYnh2PBPQlECSmfuuPZQ==":"s-l500-removebg-preview-1-500x446.png","WQF9bsFb9yenYmHeqE+TtQ==":"supreme-keto%20(1).webp","5fCtHbrDrwhb+W032Tch3g==":"copy-of-amilcear-_7_.webp","Agpvub7QuhhgVpu8rcFPZg==":"copy-of-amilcear-_6_-1.webp","Mv5QFBVZyyBhxImJ6ITbXA==":"copy-of-amilcear-_8_.webp","bqR6a9/UrC0d23aHziVydg==":"121.webp","STbX0qAsRiv/B3c9+f2FqA==":"tupitea-3-bottles%20(1)-452x329.png","ilPBQCtL5coMPwJQDLq7zg==":"90-day-money-back-guarantee-png-cutout.webp","lGduUWMoj4nffLvW+3y3YQ==":"1-512x512.png","mHORW0ykdG8H6CquiAAlBA==":"background4.jpg","yD0pAMwQQDlN3QlSCWhD9Q==":"1-566x1301.jpg","rE12SidCRA5G/tHxNvsH4w==":"2-616x1417.jpg","IYrqaphaTt04RTJWm6TtRA==":"3-577x1288.jpg","ps4SI16m3VoGSQpLgDII9w==":"g1.webp","rjX0r+EfORVcyGFD2WkqOg==":"glucotrust-6-bottles.webp","hES1KP1uQ7dpRiA8R3zVcg==":"glucotrust-3-bottles.webp","N6QCeSilTaqJQ6VPmj4hdA==":"money-back-guaranteed.webp","4w5tFZ23Cu2bmqm+vFmb4w==":"glucofort-1120x853.png","gwQMN3DUQwU5ugFniBpLpQ==":"starter-pack-337x645.png","NhpLpRWrx1Ao1fIwF8QRqg==":"best-value-pack-337x707.png","FbX1SqygG+EbSf3//UBOtg==":"popular-pack-337x645.png","+8vfGesbxmnm3R0KssHnmg==":"exipure-800x544.png","plB/kkAolqneZuUYNJV8ew==":"exipure-starter-pack-337x645.png","aYa6hMiujQyAZnaxAOR/HQ==":"exipure-best-value-pack-337x645.png","8uOooKdpzI76F9HQSTUIoA==":"exipure-popular-pack-337x645.png","ct5LVRgdc6HUs7tug1ZKtw==":"cortexi.webp","gr7se5RlwoVmnCALAyp6uA==":"cortexi-one-bottle-pack.webp","V78ijtrRb7haqXCJf/iHfA==":"cortexi-six-bottles-pack.webp","hnUdqsCfnru3e1FgyzEo6Q==":"cortexi-three-bottles-pack.webp","ZIiaiLN6Tn/gB69Hh/pZmw==":"nervogen-pro-536x465.png","RuaIGKXvm8s4lkYU1GmCXg==":"opera%20snapshot_2023-05-03_145548_com-nervogenpro.com-371x858.png","N5XgkAVNCvTEix/chzvZMQ==":"opera%20snapshot_2023-05-03_145605_com-nervogenpro.com-373x860.png","XI6EPMFPjf2DHlvse1OBpw==":"opera%20snapshot_2023-05-03_145621_com-nervogenpro.com-367x866.png","3qpE09x/kWx7883tpsEbew==":"quietum-plus-1036x789.png","mQrr0G0xrfSSy0diVwY6nA==":"quietum1-343x808.png","WRHhW+70rVjVXnLiZlOQ6w==":"quietum2-350x809.png","Bu1tbmDzXFF/qDr+prVyqQ==":"quietum3-346x807.png","TKQErDTB8x0Qn2OzaxHldQ==":"62d84c6f064abf0c55eabeae-601x511.png","IPVeI/Jk+dpX4D7fDJ7qsw==":"revive1-380x825.png","mE2YOxYE1sKa61WdOWZwiw==":"revive%202-381x825.png","zLcoH9ndKQAvw+/tiRchkw==":"revive%203-379x821.png","ZwHj8n99cVaZCaI5VXV9WQ==":"ezgif.com-webp-to-png-337x342.png","PtalQUvZwb3G5EZtnYzLew==":"amiclear%201-327x834.png","M39w6N9EmLC1qzs3/V8/rg==":"amiclear%202-325x868.png","r5wwsLFZm+s4Isi5jMiaNQ==":"amiclear%203-335x835.png","tuJb/J1hYXxm3V5QzUa0YQ==":"5-bottle-bundle-460x355.png","i/0PZaLl22W8vZnfLw3vTg==":"abdo1.webp","yeQAHKa6gCsnp+r/CNxVQw==":"abdo2.webp","lnMQ3WB4ksNU0rP+u6JDKg==":"abdo3.webp","UQ0Xk1LlXOtUz30XuDTGIA==":"glucoberryy-750x937.png","QHkcSeVhM68f8A5O/nKcUg==":"glucoberry1-1-507x987.png","ttyKqOyqRSVc/+02QnNGdw==":"glucoberry6-1-505x1009.png","PVQd1gqSzel+a8ljV5jVKA==":"glucoberry3-505x988.png","k63vn6iAN+treRLL9lz5pA==":"joint-genesis-1-bottle.webp","lCSsC1jyiUCVSxX9RHECcA==":"joint-genesis-6-bottles.webp","Bc5F1rQHPKCV7k6lfJs1fA==":"joint-genesis-3-bottles.webp","d8/U2EYaWmV1mvGCkmxhEA==":"joint-genesis-560x477.png","Ld65CU0MpcsAJEYGxymkBg==":"metanail-serum-pro-order-now-446x305.png","NcECgD6VpMo7p0MMaAygZA==":"meta1-402x806.png","zWKutSBujMlKu+Lp2WN5bw==":"meta2-374x832.png","aU13dSFfWI+9pIVi2bBmpg==":"meta3-367x805.png","vpxWcSSHvbWgacZoPTGnBA==":"ikariamain.webp","y1czsiGPo5qIsZmeKKPQ3w==":"ikaria1.webp","QvghNky/4wEQPUmwxa5Dzg==":"ikaria2.webp","cRq74g2pdlCdFxOt+3JUTg==":"ikaria3.webp","5yxwZ3do3pDnoIn+qlmCeg==":"rbmain-599x486.png","FTChIy/ckL4O3U0SsABSwA==":"rb1.webp","bPoWrcdbGrdGR65SOKte5g==":"rb2.webp","BBLjovX6Vi+B4h4hJ8cAqg==":"rb3.webp"}